_id,month,town,flat_type,block,street_name,storey_range,floor_area_sqm,flat_model,lease_commence_date,remaining_lease,resale_price,address,postal,latitude,longitude,_ts
70190,2020-05,ANG MO KIO,2 ROOM,406,ANG MO KIO AVE 10,07 TO 09,44.0,Improved,1979,58 years 01 month,203000.0,406 ANG MO KIO AVE 10,560406,1.36200453938712,103.853879910407,2025-06-30
70191,2020-05,ANG MO KIO,2 ROOM,314,ANG MO KIO AVE 3,07 TO 09,44.0,Improved,1978,56 years 09 months,210000.0,314 ANG MO KIO AVE 3,560314,1.36622707120636,103.850085858983,2025-06-30
70192,2020-05,ANG MO KIO,2 ROOM,323,ANG MO KIO AVE 3,04 TO 06,44.0,Improved,1977,56 years 02 months,218000.0,323 ANG MO KIO AVE 3,560323,1.36790849360635,103.84771408812,2025-06-30
70193,2020-05,ANG MO KIO,3 ROOM,332,ANG MO KIO AVE 1,01 TO 03,68.0,New Generation,1981,59 years 09 months,278000.0,332 ANG MO KIO AVE 1,560332,1.36167030761833,103.851955453764,2025-06-30
70194,2020-05,ANG MO KIO,3 ROOM,404,ANG MO KIO AVE 10,01 TO 03,82.0,New Generation,1979,58 years 01 month,295000.0,404 ANG MO KIO AVE 10,560404,1.36167767060852,103.854726492538,2025-06-30
70195,2020-05,ANG MO KIO,3 ROOM,534,ANG MO KIO AVE 10,04 TO 06,68.0,New Generation,1980,58 years 11 months,260000.0,534 ANG MO KIO AVE 10,560534,1.37405846295585,103.854168170426,2025-06-30
70196,2020-05,ANG MO KIO,3 ROOM,118,ANG MO KIO AVE 4,10 TO 12,74.0,New Generation,1978,57 years 01 month,282000.0,118 ANG MO KIO AVE 4,560118,1.37329593649654,103.835475719134,2025-06-30
70197,2020-05,ANG MO KIO,3 ROOM,172,ANG MO KIO AVE 4,04 TO 06,60.0,Improved,1986,64 years 09 months,248000.0,172 ANG MO KIO AVE 4,560172,1.37469423247424,103.836462867365,2025-06-30
70198,2020-05,ANG MO KIO,3 ROOM,624,ANG MO KIO AVE 4,01 TO 03,68.0,New Generation,1980,59 years 05 months,228000.0,624 ANG MO KIO AVE 4,560624,1.38156171229824,103.84000226873,2025-06-30
70199,2020-05,ANG MO KIO,3 ROOM,629,ANG MO KIO AVE 4,04 TO 06,67.0,New Generation,1981,60 years 05 months,255000.0,629 ANG MO KIO AVE 4,560629,1.380104749906,103.840408652998,2025-06-30
70200,2020-05,ANG MO KIO,3 ROOM,523,ANG MO KIO AVE 5,04 TO 06,68.0,New Generation,1980,59 years 04 months,270000.0,523 ANG MO KIO AVE 5,560523,1.3729419359545,103.852866402032,2025-06-30
70201,2020-05,ANG MO KIO,3 ROOM,633,ANG MO KIO AVE 6,10 TO 12,67.0,New Generation,1985,63 years 09 months,300000.0,633 ANG MO KIO AVE 6,560633,1.38120447407275,103.842513754208,2025-06-30
70202,2020-05,ANG MO KIO,3 ROOM,650,ANG MO KIO ST 61,13 TO 15,67.0,Model A,2015,94 years 09 months,450000.0,650 ANG MO KIO ST 61,560650,1.37769118043958,103.84274515222,2025-06-30
70203,2020-05,ANG MO KIO,4 ROOM,413,ANG MO KIO AVE 10,04 TO 06,92.0,New Generation,1979,58 years 04 months,380000.0,413 ANG MO KIO AVE 10,560413,1.36352581163205,103.853675347126,2025-06-30
70204,2020-05,ANG MO KIO,4 ROOM,327,ANG MO KIO AVE 3,10 TO 12,98.0,New Generation,1977,56 years 03 months,406000.0,327 ANG MO KIO AVE 3,560327,1.36705284380639,103.846987446489,2025-06-30
70205,2020-05,ANG MO KIO,4 ROOM,423,ANG MO KIO AVE 3,04 TO 06,108.0,Model A,1993,72 years,540000.0,423 ANG MO KIO AVE 3,560423,1.36876058776016,103.851771128044,2025-06-30
70206,2020-05,ANG MO KIO,4 ROOM,113,ANG MO KIO AVE 4,01 TO 03,92.0,New Generation,1978,56 years 09 months,370000.0,113 ANG MO KIO AVE 4,560113,1.37178518125527,103.835965663569,2025-06-30
70207,2020-05,ANG MO KIO,4 ROOM,537,ANG MO KIO AVE 5,10 TO 12,92.0,New Generation,1980,58 years 10 months,375000.0,537 ANG MO KIO AVE 5,560537,1.37520009617687,103.853059796325,2025-06-30
70208,2020-05,ANG MO KIO,5 ROOM,437,ANG MO KIO AVE 10,10 TO 12,119.0,Improved,1979,57 years 09 months,560000.0,437 ANG MO KIO AVE 10,560437,1.36720027552413,103.853247443819,2025-06-30
70209,2020-05,ANG MO KIO,5 ROOM,460,ANG MO KIO AVE 10,10 TO 12,120.0,Improved,1980,58 years 09 months,540000.0,460 ANG MO KIO AVE 10,560460,1.36633947709831,103.859122319513,2025-06-30
70210,2020-05,ANG MO KIO,5 ROOM,539,ANG MO KIO AVE 10,19 TO 21,118.0,Improved,1980,58 years 11 months,545000.0,539 ANG MO KIO AVE 10,560539,1.37537429110231,103.854258752173,2025-06-30
70211,2020-05,ANG MO KIO,5 ROOM,127,ANG MO KIO AVE 3,07 TO 09,134.0,Adjoined flat,1978,57 years 05 months,560000.0,127 ANG MO KIO AVE 3,560127,1.37122322102767,103.843593321222,2025-06-30
70212,2020-05,ANG MO KIO,5 ROOM,521,ANG MO KIO AVE 5,22 TO 24,118.0,Improved,1980,59 years 04 months,640000.0,521 ANG MO KIO AVE 5,560521,1.37357054041245,103.851551329495,2025-06-30
70213,2020-05,ANG MO KIO,5 ROOM,588B,ANG MO KIO ST 52,10 TO 12,112.0,DBSS,2011,90 years 04 months,835000.0,588B ANG MO KIO ST 52,562588,1.37197571261128,103.853150894936,2025-06-30
70214,2020-05,ANG MO KIO,EXECUTIVE,608,ANG MO KIO AVE 5,04 TO 06,178.0,Adjoined flat,1980,59 years 02 months,1030000.0,608 ANG MO KIO AVE 5,560608,1.37858209980487,103.836760311526,2025-06-30
70215,2020-05,BEDOK,3 ROOM,418,BEDOK NTH AVE 2,04 TO 06,67.0,New Generation,1978,57 years 07 months,300000.0,418 BEDOK NTH AVE 2,460418,1.32856421177174,103.930036524233,2025-06-30
70216,2020-05,BEDOK,3 ROOM,526,BEDOK NTH ST 3,01 TO 03,67.0,New Generation,1979,58 years 02 months,255000.0,526 BEDOK NTH ST 3,460526,1.33421551878132,103.92912981542,2025-06-30
70217,2020-05,BEDOK,3 ROOM,105,BEDOK RESERVOIR RD,04 TO 06,67.0,New Generation,1985,64 years 04 months,278000.0,105 BEDOK RESERVOIR RD,470105,1.32914437941094,103.909112780576,2025-06-30
70218,2020-05,BEDOK,3 ROOM,3,BEDOK STH AVE 1,07 TO 09,59.0,Improved,1976,54 years 09 months,245000.0,3 BEDOK STH AVE 1,460003,1.32191533930821,103.933180861675,2025-06-30
70219,2020-05,BEDOK,3 ROOM,23,BEDOK STH AVE 1,10 TO 12,73.0,New Generation,1977,56 years 01 month,330000.0,23 BEDOK STH AVE 1,460023,1.32329861671383,103.932762614007,2025-06-30
70220,2020-05,BEDOK,3 ROOM,40,BEDOK STH RD,01 TO 03,67.0,New Generation,1978,57 years 05 months,244000.0,40 BEDOK STH RD,460040,1.3209863188336,103.939810017674,2025-06-30
70221,2020-05,BEDOK,4 ROOM,507,BEDOK NTH AVE 3,04 TO 06,92.0,New Generation,1978,57 years 07 months,345000.0,507 BEDOK NTH AVE 3,460507,1.33298071677208,103.93259903289,2025-06-30
70222,2020-05,BEDOK,4 ROOM,93,BEDOK NTH AVE 4,01 TO 03,92.0,New Generation,1979,58 years 02 months,320000.0,93 BEDOK NTH AVE 4,460093,1.33288899931346,103.941309734338,2025-06-30
70223,2020-05,BEDOK,4 ROOM,183,BEDOK NTH RD,07 TO 09,85.0,Model A,2005,84 years 07 months,580000.0,183 BEDOK NTH RD,460183,1.32643686024316,103.941850926144,2025-06-30
70224,2020-05,BEDOK,4 ROOM,130,BEDOK NTH ST 2,16 TO 18,92.0,New Generation,1978,57 years 01 month,460000.0,130 BEDOK NTH ST 2,460130,1.32716150771949,103.936824833587,2025-06-30
70225,2020-05,BEDOK,4 ROOM,547,BEDOK NTH ST 3,10 TO 12,95.0,New Generation,1980,59 years 01 month,322000.0,547 BEDOK NTH ST 3,460547,1.33033113628205,103.925432072872,2025-06-30
70226,2020-05,BEDOK,4 ROOM,135,BEDOK RESERVOIR RD,04 TO 06,103.0,Model A,1987,65 years 11 months,420000.0,135 BEDOK RESERVOIR RD,470135,1.33314106418951,103.912523538101,2025-06-30
70227,2020-05,BEDOK,4 ROOM,724,BEDOK RESERVOIR RD,07 TO 09,103.0,Model A,1984,63 years 03 months,440000.0,724 BEDOK RESERVOIR RD,470724,1.33714403979137,103.928433830286,2025-06-30
70228,2020-05,BEDOK,4 ROOM,712,BEDOK RESERVOIR RD,07 TO 09,93.0,New Generation,1981,60 years 04 months,380000.0,712 BEDOK RESERVOIR RD,470712,1.33590729186163,103.922634043137,2025-06-30
70229,2020-05,BEDOK,4 ROOM,117,BEDOK RESERVOIR RD,07 TO 09,93.0,New Generation,1985,64 years 04 months,394000.0,117 BEDOK RESERVOIR RD,470117,1.3314132488271,103.908688936549,2025-06-30
70230,2020-05,BEDOK,4 ROOM,103,BEDOK RESERVOIR RD,10 TO 12,96.0,New Generation,1985,64 years 02 months,402000.0,103 BEDOK RESERVOIR RD,470103,1.32877022232019,103.909381354431,2025-06-30
70231,2020-05,BEDOK,4 ROOM,613B,BEDOK RESERVOIR RD,07 TO 09,102.0,Model A,1998,76 years 10 months,455000.0,613B BEDOK RESERVOIR RD,472613,1.3327873115852,103.918222316133,2025-06-30
70232,2020-05,BEDOK,4 ROOM,41,BEDOK STH RD,10 TO 12,84.0,Improved,1977,56 years 05 months,310000.0,41 BEDOK STH RD,460041,1.32105071817917,103.94080318215,2025-06-30
70233,2020-05,BEDOK,4 ROOM,807A,CHAI CHEE RD,13 TO 15,93.0,Model A,2016,95 years 07 months,650000.0,807A CHAI CHEE RD,461807,1.32707387863852,103.923188202853,2025-06-30
70234,2020-05,BEDOK,5 ROOM,621,BEDOK RESERVOIR RD,07 TO 09,121.0,Improved,1983,61 years 10 months,488000.0,621 BEDOK RESERVOIR RD,470621,1.334527450026,103.916865046091,2025-06-30
70235,2020-05,BEDOK,EXECUTIVE,94C,BEDOK NTH AVE 4,10 TO 12,141.0,Apartment,1993,71 years 11 months,700000.0,94C BEDOK NTH AVE 4,462094,1.33361429610515,103.942628254514,2025-06-30
70236,2020-05,BEDOK,EXECUTIVE,130,BEDOK RESERVOIR RD,13 TO 15,151.0,Maisonette,1987,65 years 10 months,640000.0,130 BEDOK RESERVOIR RD,470130,1.33343622625478,103.912338037315,2025-06-30
70237,2020-05,BISHAN,4 ROOM,154,BISHAN ST 13,07 TO 09,84.0,Simplified,1987,66 years 08 months,425000.0,154 BISHAN ST 13,570154,1.34662507482215,103.855033173199,2025-06-30
70238,2020-05,BISHAN,4 ROOM,267,BISHAN ST 24,04 TO 06,104.0,Model A,1992,71 years 04 months,555000.0,267 BISHAN ST 24,570267,1.35763464029646,103.842813287198,2025-06-30
70239,2020-05,BUKIT BATOK,3 ROOM,230,BT BATOK EAST AVE 3,04 TO 06,67.0,New Generation,1985,64 years 06 months,262500.0,230 BT BATOK EAST AVE 3,650230,1.34771540923723,103.754994802909,2025-06-30
70240,2020-05,BUKIT BATOK,3 ROOM,229,BT BATOK EAST AVE 3,04 TO 06,67.0,New Generation,1985,64 years,240000.0,229 BT BATOK EAST AVE 3,650229,1.34827660376884,103.754680867021,2025-06-30
70241,2020-05,BUKIT BATOK,3 ROOM,164,BT BATOK ST 11,07 TO 09,73.0,Model A,1984,63 years 08 months,265000.0,164 BT BATOK ST 11,650164,1.34771697477219,103.742831711054,2025-06-30
70242,2020-05,BUKIT BATOK,3 ROOM,161,BT BATOK ST 11,04 TO 06,73.0,Model A,1984,63 years 04 months,260000.0,161 BT BATOK ST 11,650161,1.34846915807481,103.742050806952,2025-06-30
70243,2020-05,BUKIT BATOK,3 ROOM,536,BT BATOK ST 52,07 TO 09,73.0,Model A,1986,65 years 04 months,273000.0,536 BT BATOK ST 52,650536,1.35551876314657,103.751164489972,2025-06-30
70244,2020-05,BUKIT BATOK,3 ROOM,415,BT BATOK WEST AVE 4,01 TO 03,64.0,Simplified,1988,67 years 05 months,245000.0,415 BT BATOK WEST AVE 4,650415,1.36326877890118,103.746610701623,2025-06-30
70245,2020-05,BUKIT BATOK,3 ROOM,408,BT BATOK WEST AVE 4,10 TO 12,68.0,New Generation,1988,67 years,268000.0,408 BT BATOK WEST AVE 4,650408,1.36481977758189,103.744989792545,2025-06-30
70246,2020-05,BUKIT BATOK,3 ROOM,180,BT BATOK WEST AVE 8,07 TO 09,67.0,New Generation,1984,63 years 06 months,252000.0,180 BT BATOK WEST AVE 8,650180,1.34555792527722,103.742841014483,2025-06-30
70247,2020-05,BUKIT BATOK,5 ROOM,388,BT BATOK WEST AVE 5,16 TO 18,118.0,Improved,2005,83 years 08 months,530000.0,388 BT BATOK WEST AVE 5,650388,1.36485017561712,103.752161772499,2025-06-30
70248,2020-05,BUKIT BATOK,EXECUTIVE,352,BT BATOK ST 34,01 TO 03,154.0,Maisonette,1986,65 years 04 months,570000.0,352 BT BATOK ST 34,650352,1.36159798220173,103.749460679642,2025-06-30
70249,2020-05,BUKIT MERAH,1 ROOM,7,TELOK BLANGAH CRES,10 TO 12,31.0,Improved,1975,53 years 11 months,165000.0,7 TELOK BLANGAH CRES,90007,1.27836137310785,103.819384010497,2025-06-30
70250,2020-05,BUKIT MERAH,2 ROOM,48,LOWER DELTA RD,01 TO 03,47.0,Standard,1970,48 years 11 months,170000.0,48 LOWER DELTA RD,160048,1.28944268125333,103.826201445621,2025-06-30
70251,2020-05,BUKIT MERAH,3 ROOM,10A,BOON TIONG RD,16 TO 18,62.0,Model A,2016,94 years 09 months,660000.0,10A BOON TIONG RD,160010,1.28635847107695,103.82962615571,2025-06-30
70252,2020-05,BUKIT MERAH,3 ROOM,1,JLN BT MERAH,10 TO 12,64.0,Improved,1983,62 years,300000.0,1 JLN BT MERAH,150001,1.28645354030174,103.808242400418,2025-06-30
70253,2020-05,BUKIT MERAH,4 ROOM,57,HAVELOCK RD,10 TO 12,94.0,Model A,2013,92 years 01 month,808000.0,57 HAVELOCK RD,161057,1.29013858517146,103.828453293371,2025-06-30
70254,2020-05,BUKIT MERAH,4 ROOM,25B,JLN MEMBINA,16 TO 18,90.0,Model A,2009,87 years 08 months,730000.0,25B JLN MEMBINA,164025,1.28362146974577,103.825391035279,2025-06-30
70255,2020-05,BUKIT MERAH,5 ROOM,9B,BOON TIONG RD,13 TO 15,112.0,Improved,2016,94 years 09 months,1140000.0,9B BOON TIONG RD,163009,1.28681417822795,103.828928312802,2025-06-30
70256,2020-05,BUKIT MERAH,5 ROOM,115,BT MERAH CTRL,07 TO 09,117.0,Improved,1977,56 years 07 months,570000.0,115 BT MERAH CTRL,150115,1.28412809632853,103.814543761786,2025-06-30
70257,2020-05,BUKIT MERAH,5 ROOM,113,DEPOT RD,04 TO 06,119.0,Standard,1976,55 years 08 months,502000.0,113 DEPOT RD,100113,1.28141986196531,103.807286875557,2025-06-30
70258,2020-05,BUKIT MERAH,5 ROOM,76A,REDHILL RD,28 TO 30,115.0,Improved,2005,84 years 09 months,885000.0,76A REDHILL RD,151076,1.28871631968437,103.816854593836,2025-06-30
70259,2020-05,BUKIT MERAH,5 ROOM,73A,REDHILL RD,10 TO 12,115.0,Improved,2005,84 years 06 months,826000.0,73A REDHILL RD,151073,1.28793756967297,103.816790861272,2025-06-30
70260,2020-05,BUKIT PANJANG,3 ROOM,251,BANGKIT RD,07 TO 09,73.0,Model A,1988,67 years 08 months,252000.0,251 BANGKIT RD,670251,1.38030045457366,103.774174995217,2025-06-30
70261,2020-05,BUKIT PANJANG,3 ROOM,454,FAJAR RD,10 TO 12,68.0,Model A,2015,94 years 08 months,315000.0,454 FAJAR RD,670454,1.38450243119902,103.771537431563,2025-06-30
70262,2020-05,BUKIT PANJANG,3 ROOM,137,PETIR RD,10 TO 12,73.0,Model A,1989,68 years 03 months,308000.0,137 PETIR RD,670137,1.37499058666436,103.769509869284,2025-06-30
70263,2020-05,BUKIT PANJANG,3 ROOM,460,SEGAR RD,04 TO 06,68.0,Premium Apartment,2015,94 years 04 months,305000.0,460 SEGAR RD,670460,1.38725146572543,103.772083507035,2025-06-30
70264,2020-05,BUKIT PANJANG,3 ROOM,547D,SEGAR RD,07 TO 09,67.0,Model A,2015,94 years 03 months,325000.0,547D SEGAR RD,674547,1.38890112645022,103.7690032304,2025-06-30
70265,2020-05,BUKIT PANJANG,3 ROOM,458,SEGAR RD,10 TO 12,68.0,Premium Apartment,2012,91 years 07 months,305000.0,458 SEGAR RD,670458,1.38804394182061,103.771067583616,2025-06-30
70266,2020-05,BUKIT PANJANG,4 ROOM,250,BANGKIT RD,10 TO 12,103.0,Model A,1988,67 years 07 months,338000.0,250 BANGKIT RD,670250,1.38065502521671,103.773698672408,2025-06-30
70267,2020-05,BUKIT PANJANG,4 ROOM,401,FAJAR RD,10 TO 12,107.0,Model A,1988,67 years 04 months,360000.0,401 FAJAR RD,670401,1.38055432084398,103.768730366658,2025-06-30
70268,2020-05,BUKIT PANJANG,4 ROOM,220,PETIR RD,10 TO 12,103.0,Model A,1989,67 years 10 months,340000.0,220 PETIR RD,670220,1.37452837023545,103.772867119001,2025-06-30
70269,2020-05,BUKIT PANJANG,4 ROOM,550A,SEGAR RD,13 TO 15,92.0,Model A,2015,94 years 08 months,410000.0,550A SEGAR RD,671550,1.38911206246444,103.767301515652,2025-06-30
70270,2020-05,BUKIT PANJANG,4 ROOM,548B,SEGAR RD,10 TO 12,92.0,Model A,2015,94 years 08 months,415000.0,548B SEGAR RD,672548,1.38942073606675,103.768573656612,2025-06-30
70271,2020-05,BUKIT PANJANG,4 ROOM,635B,SENJA RD,22 TO 24,93.0,Model A,2015,94 years 06 months,480000.0,635B SENJA RD,672635,1.38660275237577,103.757710467868,2025-06-30
70272,2020-05,BUKIT PANJANG,5 ROOM,146,GANGSA RD,01 TO 03,122.0,Improved,1988,67 years 04 months,450000.0,146 GANGSA RD,670146,1.3755283858155,103.766185188925,2025-06-30
70273,2020-05,BUKIT PANJANG,5 ROOM,513,JELAPANG RD,01 TO 03,123.0,Improved,1998,77 years 06 months,438000.0,513 JELAPANG RD,670513,1.38805668293303,103.76772541267,2025-06-30
70274,2020-05,BUKIT PANJANG,EXECUTIVE,239,BT PANJANG RING RD,04 TO 06,146.0,Maisonette,1989,67 years 10 months,555000.0,239 BT PANJANG RING RD,670239,1.38014939686036,103.771126294353,2025-06-30
70275,2020-05,BUKIT TIMAH,3 ROOM,8,EMPRESS RD,10 TO 12,65.0,Improved,1976,55 years,395000.0,8 EMPRESS RD,260008,1.31641190098174,103.805373811937,2025-06-30
70276,2020-05,BUKIT TIMAH,5 ROOM,1,TOH YI DR,10 TO 12,122.0,Improved,1988,67 years 03 months,860000.0,1 TOH YI DR,591501,1.33958155877064,103.774586318946,2025-06-30
70277,2020-05,CENTRAL AREA,3 ROOM,4,TG PAGAR PLAZA,16 TO 18,59.0,Improved,1977,55 years 10 months,465000.0,4 TG PAGAR PLAZA,81004,1.27590520131404,103.842741240941,2025-06-30
70278,2020-05,CENTRAL AREA,3 ROOM,34,UPP CROSS ST,13 TO 15,65.0,Improved,1975,54 years 02 months,350000.0,34 UPP CROSS ST,50034,1.2862352148315,103.842303340846,2025-06-30
70279,2020-05,CHOA CHU KANG,4 ROOM,296E,CHOA CHU KANG AVE 2,01 TO 03,102.0,Premium Apartment,1999,78 years 03 months,320000.0,296E CHOA CHU KANG AVE 2,685296,1.37691701980975,103.743047128967,2025-06-30
70280,2020-05,CHOA CHU KANG,4 ROOM,443,CHOA CHU KANG AVE 4,10 TO 12,90.0,Model A2,1997,76 years,325000.0,443 CHOA CHU KANG AVE 4,680443,1.38128651592265,103.737535307012,2025-06-30
70281,2020-05,CHOA CHU KANG,4 ROOM,488B,CHOA CHU KANG AVE 5,10 TO 12,93.0,Model A,2016,95 years 03 months,450000.0,488B CHOA CHU KANG AVE 5,682488,1.3769739817533,103.739293156619,2025-06-30
70282,2020-05,CHOA CHU KANG,4 ROOM,490B,CHOA CHU KANG AVE 5,07 TO 09,93.0,Model A,2016,95 years 02 months,410000.0,490B CHOA CHU KANG AVE 5,682490,1.37562311961725,103.741340715793,2025-06-30
70283,2020-05,CHOA CHU KANG,4 ROOM,487B,CHOA CHU KANG AVE 5,10 TO 12,93.0,Model A,2016,95 years 02 months,420000.0,487B CHOA CHU KANG AVE 5,682487,1.37635512444695,103.738360161731,2025-06-30
70284,2020-05,CHOA CHU KANG,4 ROOM,685C,CHOA CHU KANG CRES,04 TO 06,85.0,Model A2,2002,81 years 07 months,323000.0,685C CHOA CHU KANG CRES,683685,1.40349428170579,103.748677231954,2025-06-30
70285,2020-05,CHOA CHU KANG,4 ROOM,702,CHOA CHU KANG ST 53,04 TO 06,114.0,Model A,1995,74 years 01 month,370000.0,702 CHOA CHU KANG ST 53,680702,1.39179994537682,103.745621182307,2025-06-30
70286,2020-05,CHOA CHU KANG,4 ROOM,25,TECK WHYE LANE,01 TO 03,92.0,New Generation,1979,57 years 11 months,288000.0,25 TECK WHYE LANE,680025,1.37798715606626,103.75518761449,2025-06-30
70287,2020-05,CHOA CHU KANG,5 ROOM,487B,CHOA CHU KANG AVE 5,07 TO 09,113.0,Improved,2016,95 years 02 months,500000.0,487B CHOA CHU KANG AVE 5,682487,1.37635512444695,103.738360161731,2025-06-30
70288,2020-05,CHOA CHU KANG,5 ROOM,488C,CHOA CHU KANG AVE 5,10 TO 12,113.0,Improved,2016,95 years 02 months,508000.0,488C CHOA CHU KANG AVE 5,683488,1.37659678332207,103.73994960705,2025-06-30
70289,2020-05,CHOA CHU KANG,5 ROOM,489A,CHOA CHU KANG AVE 5,13 TO 15,113.0,Improved,2016,95 years 02 months,515000.0,489A CHOA CHU KANG AVE 5,681489,1.37560094818422,103.740360009689,2025-06-30
70290,2020-05,CHOA CHU KANG,5 ROOM,658,CHOA CHU KANG CRES,01 TO 03,125.0,Premium Apartment,1999,77 years 11 months,450000.0,658 CHOA CHU KANG CRES,680658,1.40075418778953,103.749259984055,2025-06-30
70291,2020-05,CHOA CHU KANG,5 ROOM,704,CHOA CHU KANG ST 53,04 TO 06,137.0,Model A,1995,74 years 01 month,438000.0,704 CHOA CHU KANG ST 53,680704,1.39045874428793,103.745719464356,2025-06-30
70292,2020-05,CHOA CHU KANG,5 ROOM,612,CHOA CHU KANG ST 62,01 TO 03,133.0,Model A,1996,75 years 03 months,430000.0,612 CHOA CHU KANG ST 62,680612,1.40000866051722,103.744352713589,2025-06-30
70293,2020-05,CHOA CHU KANG,EXECUTIVE,272,CHOA CHU KANG AVE 2,07 TO 09,148.0,Apartment,1993,72 years 03 months,475000.0,272 CHOA CHU KANG AVE 2,680272,1.3787209383866,103.742923724743,2025-06-30
70294,2020-05,CHOA CHU KANG,EXECUTIVE,453,CHOA CHU KANG AVE 4,13 TO 15,142.0,Premium Apartment,2000,78 years 10 months,488000.0,453 CHOA CHU KANG AVE 4,680453,1.37997802767876,103.73490597126,2025-06-30
70295,2020-05,CHOA CHU KANG,EXECUTIVE,604,CHOA CHU KANG ST 62,04 TO 06,153.0,Maisonette,1996,74 years 09 months,620000.0,604 CHOA CHU KANG ST 62,680604,1.39817542038448,103.744673993982,2025-06-30
70296,2020-05,CLEMENTI,3 ROOM,366,CLEMENTI AVE 2,07 TO 09,61.0,Model A,2003,81 years 10 months,395000.0,366 CLEMENTI AVE 2,120366,1.31254953553443,103.771676380482,2025-06-30
70297,2020-05,CLEMENTI,3 ROOM,311B,CLEMENTI AVE 4,04 TO 06,60.0,DBSS,2014,93 years 08 months,510000.0,311B CLEMENTI AVE 4,122311,1.31944669077178,103.765649446368,2025-06-30
70298,2020-05,CLEMENTI,3 ROOM,379,CLEMENTI AVE 5,04 TO 06,82.0,New Generation,1980,59 years 05 months,347000.0,379 CLEMENTI AVE 5,120379,1.31797801720797,103.767831518404,2025-06-30
70299,2020-05,CLEMENTI,3 ROOM,713,CLEMENTI WEST ST 2,07 TO 09,67.0,New Generation,1985,64 years 03 months,280000.0,713 CLEMENTI WEST ST 2,120713,1.3041278418713,103.762206285308,2025-06-30
70300,2020-05,CLEMENTI,3 ROOM,510,WEST COAST DR,13 TO 15,67.0,New Generation,1978,56 years 09 months,262000.0,510 WEST COAST DR,120510,1.31082250334147,103.760805958742,2025-06-30
70301,2020-05,CLEMENTI,4 ROOM,348,CLEMENTI AVE 5,07 TO 09,92.0,New Generation,1979,57 years 11 months,445000.0,348 CLEMENTI AVE 5,120348,1.31677716280701,103.770897098036,2025-06-30
70302,2020-05,CLEMENTI,5 ROOM,340,CLEMENTI AVE 5,07 TO 09,121.0,Improved,1979,58 years 07 months,570000.0,340 CLEMENTI AVE 5,120340,1.31872875423273,103.77007125633,2025-06-30
70303,2020-05,CLEMENTI,5 ROOM,723,CLEMENTI WEST ST 2,22 TO 24,118.0,Improved,1981,59 years 09 months,655000.0,723 CLEMENTI WEST ST 2,120723,1.30310124001611,103.763413053663,2025-06-30
70304,2020-05,GEYLANG,3 ROOM,21,HAIG RD,01 TO 03,74.0,New Generation,1981,60 years 08 months,375000.0,21 HAIG RD,430021,1.31315945669663,103.895216199983,2025-06-30
70305,2020-05,GEYLANG,3 ROOM,45,SIMS DR,01 TO 03,65.0,Improved,1977,56 years,250000.0,45 SIMS DR,380045,1.31733721505469,103.878442674183,2025-06-30
70306,2020-05,GEYLANG,4 ROOM,54,PIPIT RD,04 TO 06,91.0,New Generation,1985,63 years 11 months,430000.0,54 PIPIT RD,370054,1.32385644988852,103.887585351528,2025-06-30
70307,2020-05,GEYLANG,5 ROOM,27,BALAM RD,04 TO 06,126.0,Improved,1997,76 years 04 months,615000.0,27 BALAM RD,370027,1.3303081156604,103.8863082196,2025-06-30
70308,2020-05,GEYLANG,EXECUTIVE,130,GEYLANG EAST AVE 1,04 TO 06,146.0,Maisonette,1987,66 years 01 month,788000.0,130 GEYLANG EAST AVE 1,380130,1.31685877572509,103.887761159389,2025-06-30
70309,2020-05,HOUGANG,3 ROOM,114,HOUGANG AVE 1,07 TO 09,68.0,New Generation,1982,60 years 11 months,248000.0,114 HOUGANG AVE 1,530114,1.35290845840879,103.888972338303,2025-06-30
70310,2020-05,HOUGANG,3 ROOM,665,HOUGANG AVE 4,04 TO 06,74.0,Model A,1988,67 years 08 months,268000.0,665 HOUGANG AVE 4,530665,1.37403985056586,103.884391131798,2025-06-30
70311,2020-05,HOUGANG,3 ROOM,311,HOUGANG AVE 5,13 TO 15,83.0,New Generation,1983,62 years 01 month,335000.0,311 HOUGANG AVE 5,530311,1.36566733064792,103.894853675162,2025-06-30
70312,2020-05,HOUGANG,4 ROOM,421,HOUGANG AVE 10,04 TO 06,113.0,Model A,1989,68 years 03 months,450000.0,421 HOUGANG AVE 10,530421,1.37542347327419,103.894728671793,2025-06-30
70313,2020-05,HOUGANG,4 ROOM,133,LOR AH SOO,01 TO 03,104.0,Model A,1985,63 years 11 months,360000.0,133 LOR AH SOO,530133,1.35076271020557,103.887548072787,2025-06-30
70314,2020-05,HOUGANG,4 ROOM,475B,UPP SERANGOON CRES,16 TO 18,92.0,DBSS,2014,93 years 07 months,635000.0,475B UPP SERANGOON CRES,532475,1.3757740461149,103.899965684738,2025-06-30
70315,2020-05,HOUGANG,4 ROOM,471B,UPP SERANGOON CRES,01 TO 03,92.0,Model A,2015,94 years,422888.0,471B UPP SERANGOON CRES,532471,1.37801001262766,103.901070789874,2025-06-30
70316,2020-05,HOUGANG,4 ROOM,476B,UPP SERANGOON VIEW,19 TO 21,92.0,Premium Apartment,2016,95 years,568000.0,476B UPP SERANGOON VIEW,532476,1.37732845210704,103.904212191193,2025-06-30
70317,2020-05,HOUGANG,4 ROOM,476C,UPP SERANGOON VIEW,16 TO 18,92.0,Premium Apartment,2016,94 years 10 months,580000.0,476C UPP SERANGOON VIEW,533476,1.37794957092138,103.904346035596,2025-06-30
70318,2020-05,HOUGANG,4 ROOM,476B,UPP SERANGOON VIEW,07 TO 09,92.0,Premium Apartment,2016,95 years,515000.0,476B UPP SERANGOON VIEW,532476,1.37732845210704,103.904212191193,2025-06-30
70319,2020-05,HOUGANG,5 ROOM,971,HOUGANG ST 91,13 TO 15,116.0,Improved,1999,78 years 07 months,480000.0,971 HOUGANG ST 91,530971,1.37822993629766,103.879696313869,2025-06-30
70320,2020-05,HOUGANG,5 ROOM,939,HOUGANG ST 92,01 TO 03,121.0,Improved,1998,76 years 09 months,430000.0,939 HOUGANG ST 92,530939,1.37395824754613,103.879695215818,2025-06-30
70321,2020-05,HOUGANG,5 ROOM,475D,UPP SERANGOON CRES,10 TO 12,112.0,DBSS,2014,93 years 07 months,740000.0,475D UPP SERANGOON CRES,537475,1.37518254401411,103.900405982824,2025-06-30
70322,2020-05,HOUGANG,5 ROOM,475B,UPP SERANGOON CRES,10 TO 12,109.0,DBSS,2014,93 years 07 months,750000.0,475B UPP SERANGOON CRES,532475,1.3757740461149,103.899965684738,2025-06-30
70323,2020-05,HOUGANG,5 ROOM,475C,UPP SERANGOON CRES,10 TO 12,112.0,DBSS,2014,93 years 07 months,780000.0,475C UPP SERANGOON CRES,533475,1.3752181944865,103.899995251993,2025-06-30
70324,2020-05,HOUGANG,5 ROOM,476B,UPP SERANGOON VIEW,04 TO 06,115.0,Premium Apartment,2016,94 years 11 months,720000.0,476B UPP SERANGOON VIEW,532476,1.37732845210704,103.904212191193,2025-06-30
70325,2020-05,HOUGANG,EXECUTIVE,712,HOUGANG AVE 2,04 TO 06,156.0,Maisonette,1986,65 years 02 months,625000.0,712 HOUGANG AVE 2,530712,1.36588222148307,103.887387054385,2025-06-30
70326,2020-05,HOUGANG,EXECUTIVE,967,HOUGANG AVE 9,01 TO 03,137.0,Apartment,1999,78 years 04 months,575000.0,967 HOUGANG AVE 9,530967,1.37818307588971,103.878641442114,2025-06-30
70327,2020-05,HOUGANG,EXECUTIVE,145,LOR AH SOO,07 TO 09,148.0,Maisonette,1984,63 years 04 months,700000.0,145 LOR AH SOO,530145,1.3514922855912,103.88323988763,2025-06-30
70328,2020-05,JURONG EAST,4 ROOM,24,TEBAN GDNS RD,04 TO 06,107.0,Model A,1993,72 years 03 months,348000.0,24 TEBAN GDNS RD,600024,1.32349635256112,103.737884227151,2025-06-30
70329,2020-05,JURONG EAST,5 ROOM,212,JURONG EAST ST 21,16 TO 18,120.0,Improved,1982,61 years 08 months,540000.0,212 JURONG EAST ST 21,600212,1.33909401436064,103.740391980229,2025-06-30
70330,2020-05,JURONG EAST,5 ROOM,288B,JURONG EAST ST 21,10 TO 12,122.0,Improved,2000,79 years 01 month,630000.0,288B JURONG EAST ST 21,602288,1.33893635159463,103.742880903459,2025-06-30
70331,2020-05,JURONG EAST,5 ROOM,260,JURONG EAST ST 24,01 TO 03,127.0,Improved,1983,61 years 11 months,380000.0,260 JURONG EAST ST 24,600260,1.34372175616439,103.740222868909,2025-06-30
70332,2020-05,JURONG EAST,5 ROOM,258,JURONG EAST ST 24,01 TO 03,121.0,Improved,1983,61 years 10 months,420000.0,258 JURONG EAST ST 24,600258,1.34378634902456,103.738635757888,2025-06-30
70333,2020-05,JURONG WEST,3 ROOM,448,JURONG WEST ST 42,01 TO 03,75.0,Model A,1984,63 years 06 months,255000.0,448 JURONG WEST ST 42,640448,1.35263257879691,103.719400998152,2025-06-30
70334,2020-05,JURONG WEST,3 ROOM,138A,YUAN CHING RD,19 TO 21,67.0,DBSS,2014,93 years 06 months,445000.0,138A YUAN CHING RD,611138,1.32793696486555,103.7241782483,2025-06-30
70335,2020-05,JURONG WEST,4 ROOM,183A,BOON LAY AVE,04 TO 06,92.0,Model A,2015,93 years 09 months,420000.0,183A BOON LAY AVE,641183,1.34861794801802,103.709737700176,2025-06-30
70336,2020-05,JURONG WEST,4 ROOM,554,JURONG WEST ST 42,10 TO 12,104.0,Model A,1984,63 years 07 months,345888.0,554 JURONG WEST ST 42,640554,1.35323480092319,103.71786608982,2025-06-30
70337,2020-05,JURONG WEST,4 ROOM,812,JURONG WEST ST 81,04 TO 06,104.0,Model A,1990,69 years,325000.0,812 JURONG WEST ST 81,640812,1.34630854446805,103.695863834561,2025-06-30
70338,2020-05,JURONG WEST,5 ROOM,517A,JURONG WEST ST 52,13 TO 15,116.0,Improved,2000,79 years 01 month,669000.0,517A JURONG WEST ST 52,641517,1.34531761707387,103.721254306116,2025-06-30
70339,2020-05,JURONG WEST,5 ROOM,653C,JURONG WEST ST 61,13 TO 15,110.0,Improved,2002,81 years 05 months,455000.0,653C JURONG WEST ST 61,643653,1.33542562710519,103.696934679068,2025-06-30
70340,2020-05,JURONG WEST,5 ROOM,664C,JURONG WEST ST 64,07 TO 09,110.0,Improved,2000,79 years 04 months,447000.0,664C JURONG WEST ST 64,643664,1.33821125273272,103.703155643642,2025-06-30
70341,2020-05,JURONG WEST,5 ROOM,661C,JURONG WEST ST 64,13 TO 15,110.0,Improved,2001,80 years 04 months,532000.0,661C JURONG WEST ST 64,643661,1.33607703951673,103.705050161682,2025-06-30
70342,2020-05,JURONG WEST,5 ROOM,618,JURONG WEST ST 65,01 TO 03,110.0,Improved,2000,79 years 08 months,430000.0,618 JURONG WEST ST 65,640618,1.34155375023574,103.700502752743,2025-06-30
70343,2020-05,JURONG WEST,5 ROOM,812,JURONG WEST ST 81,01 TO 03,121.0,Improved,1990,69 years,340000.0,812 JURONG WEST ST 81,640812,1.34630854446805,103.695863834561,2025-06-30
70344,2020-05,JURONG WEST,5 ROOM,821,JURONG WEST ST 81,04 TO 06,121.0,Improved,1990,68 years 11 months,335000.0,821 JURONG WEST ST 81,640821,1.34699810840798,103.69452875928,2025-06-30
70345,2020-05,JURONG WEST,5 ROOM,987B,JURONG WEST ST 93,10 TO 12,112.0,Premium Apartment,2008,87 years 04 months,536888.0,987B JURONG WEST ST 93,642987,1.33659334547656,103.694773888467,2025-06-30
70346,2020-05,JURONG WEST,5 ROOM,987A,JURONG WEST ST 93,07 TO 09,112.0,Premium Apartment,2008,87 years 05 months,430000.0,987A JURONG WEST ST 93,641987,1.33652389687164,103.694493942627,2025-06-30
70347,2020-05,JURONG WEST,5 ROOM,175A,YUNG KUANG RD,07 TO 09,113.0,Premium Apartment,2015,94 years 01 month,525000.0,175A YUNG KUANG RD,611175,1.33193786368443,103.721561508725,2025-06-30
70348,2020-05,JURONG WEST,EXECUTIVE,671A,JURONG WEST ST 65,16 TO 18,125.0,Apartment,2002,81 years 03 months,513000.0,671A JURONG WEST ST 65,641671,1.34404660790141,103.702361146078,2025-06-30
70349,2020-05,JURONG WEST,EXECUTIVE,671A,JURONG WEST ST 65,07 TO 09,126.0,Apartment,2002,81 years 03 months,530000.0,671A JURONG WEST ST 65,641671,1.34404660790141,103.702361146078,2025-06-30
70350,2020-05,JURONG WEST,EXECUTIVE,336,TAH CHING RD,16 TO 18,140.0,Apartment,1997,75 years 11 months,678000.0,336 TAH CHING RD,610336,1.33852374734622,103.723483455608,2025-06-30
70351,2020-05,KALLANG/WHAMPOA,3 ROOM,35,JLN BAHAGIA,07 TO 09,56.0,Standard,1971,49 years 09 months,220000.0,35 JLN BAHAGIA,320035,1.3267405056425,103.857576254516,2025-06-30
70352,2020-05,KALLANG/WHAMPOA,3 ROOM,82,WHAMPOA DR,13 TO 15,66.0,Improved,1974,53 years 03 months,280000.0,82 WHAMPOA DR,320082,1.32387379240679,103.856482753763,2025-06-30
70353,2020-05,KALLANG/WHAMPOA,4 ROOM,38B,BENDEMEER RD,04 TO 06,89.0,Model A,2012,91 years 01 month,663888.0,38B BENDEMEER RD,332038,1.32053258273429,103.866795494049,2025-06-30
70354,2020-05,KALLANG/WHAMPOA,5 ROOM,38,UPP BOON KENG RD,04 TO 06,117.0,Standard,1976,55 years 04 months,482000.0,38 UPP BOON KENG RD,380038,1.31804081085615,103.874222824064,2025-06-30
70355,2020-05,KALLANG/WHAMPOA,5 ROOM,109,WHAMPOA RD,04 TO 06,121.0,Improved,1997,76 years 07 months,565000.0,109 WHAMPOA RD,321109,1.32714817577656,103.855700914421,2025-06-30
70356,2020-05,MARINE PARADE,5 ROOM,27,MARINE CRES,10 TO 12,123.0,Standard,1975,53 years 10 months,760000.0,27 MARINE CRES,440027,1.30402508947699,103.913501458863,2025-06-30
70357,2020-05,PASIR RIS,3 ROOM,527D,PASIR RIS ST 51,10 TO 12,68.0,Model A,2015,94 years 03 months,385000.0,527D PASIR RIS ST 51,514527,1.36968625501963,103.947922425135,2025-06-30
70358,2020-05,PASIR RIS,3 ROOM,527B,PASIR RIS ST 51,07 TO 09,68.0,Model A,2015,94 years 02 months,360000.0,527B PASIR RIS ST 51,512527,1.36899453114432,103.947710069014,2025-06-30
70359,2020-05,PASIR RIS,4 ROOM,415,PASIR RIS DR 6,07 TO 09,103.0,Model A,1990,69 years,430000.0,415 PASIR RIS DR 6,510415,1.3719536014019,103.956353802014,2025-06-30
70360,2020-05,PASIR RIS,4 ROOM,528C,PASIR RIS ST 51,04 TO 06,93.0,Model A,2015,94 years 03 months,495000.0,528C PASIR RIS ST 51,513528,1.37098530908868,103.948216908449,2025-06-30
70361,2020-05,PASIR RIS,4 ROOM,769,PASIR RIS ST 71,01 TO 03,105.0,Model A,1996,75 years 04 months,342000.0,769 PASIR RIS ST 71,510769,1.37510622714738,103.9351471761,2025-06-30
70362,2020-05,PASIR RIS,5 ROOM,114,PASIR RIS ST 11,04 TO 06,122.0,Improved,1989,68 years 03 months,500000.0,114 PASIR RIS ST 11,510114,1.36845058392966,103.954961424604,2025-06-30
70363,2020-05,PASIR RIS,5 ROOM,526D,PASIR RIS ST 51,04 TO 06,113.0,Improved,2015,94 years 03 months,615000.0,526D PASIR RIS ST 51,514526,1.36866830502329,103.947274003279,2025-06-30
70364,2020-05,PASIR RIS,5 ROOM,567,PASIR RIS ST 51,10 TO 12,123.0,Improved,1992,71 years 08 months,523000.0,567 PASIR RIS ST 51,510567,1.36899342078075,103.949117873932,2025-06-30
70365,2020-05,PASIR RIS,5 ROOM,720,PASIR RIS ST 72,10 TO 12,127.0,Improved,1996,75 years 03 months,500000.0,720 PASIR RIS ST 72,510720,1.38178596392118,103.936411750362,2025-06-30
70366,2020-05,PASIR RIS,EXECUTIVE,129,PASIR RIS ST 11,01 TO 03,146.0,Maisonette,1988,67 years 07 months,575000.0,129 PASIR RIS ST 11,510129,1.36651869673449,103.955623402655,2025-06-30
70367,2020-05,PASIR RIS,EXECUTIVE,220,PASIR RIS ST 21,10 TO 12,148.0,Apartment,1993,72 years 03 months,600000.0,220 PASIR RIS ST 21,510220,1.36987234164767,103.961582597621,2025-06-30
70368,2020-05,PASIR RIS,EXECUTIVE,243,PASIR RIS ST 21,07 TO 09,145.0,Apartment,1993,72 years 03 months,538000.0,243 PASIR RIS ST 21,510243,1.37155210403562,103.962993228282,2025-06-30
70369,2020-05,PUNGGOL,2 ROOM,672C,EDGEFIELD PLAINS,16 TO 18,44.0,Model A,2015,94 years 08 months,260000.0,672C EDGEFIELD PLAINS,823672,1.40743702403924,103.911196464451,2025-06-30
70370,2020-05,PUNGGOL,2 ROOM,622C,PUNGGOL CTRL,07 TO 09,46.0,Model A,2014,93 years,263000.0,622C PUNGGOL CTRL,823622,1.4006620149821,103.910914385755,2025-06-30
70371,2020-05,PUNGGOL,2 ROOM,209C,PUNGGOL PL,10 TO 12,46.0,Model A,2014,93 years 07 months,255000.0,209C PUNGGOL PL,823209,1.39930949012592,103.900792344556,2025-06-30
70372,2020-05,PUNGGOL,3 ROOM,672A,EDGEFIELD PLAINS,10 TO 12,65.0,Model A,2015,94 years 08 months,365000.0,672A EDGEFIELD PLAINS,821672,1.40641415134174,103.912620387754,2025-06-30
70373,2020-05,PUNGGOL,3 ROOM,208B,PUNGGOL PL,04 TO 06,67.0,Model A,2014,93 years 02 months,340000.0,208B PUNGGOL PL,822208,1.40136153880902,103.901127199853,2025-06-30
70374,2020-05,PUNGGOL,4 ROOM,671A,EDGEFIELD PLAINS,04 TO 06,90.0,Model A,2015,94 years 08 months,415000.0,671A EDGEFIELD PLAINS,821671,1.40605924173081,103.912020670376,2025-06-30
70375,2020-05,PUNGGOL,4 ROOM,673B,EDGEFIELD PLAINS,07 TO 09,90.0,Model A,2015,94 years 08 months,440000.0,673B EDGEFIELD PLAINS,822673,1.40697762946912,103.911041462626,2025-06-30
70376,2020-05,PUNGGOL,4 ROOM,671B,EDGEFIELD PLAINS,01 TO 03,90.0,Model A,2015,94 years 08 months,425000.0,671B EDGEFIELD PLAINS,822671,1.40619118291017,103.911699311071,2025-06-30
70377,2020-05,PUNGGOL,4 ROOM,618D,PUNGGOL DR,07 TO 09,95.0,Premium Apartment,2013,92 years 05 months,445000.0,618D PUNGGOL DR,824618,1.40184131856722,103.911466174026,2025-06-30
70378,2020-05,PUNGGOL,4 ROOM,667B,PUNGGOL DR,04 TO 06,93.0,Premium Apartment,2016,94 years 10 months,452000.0,667B PUNGGOL DR,822667,1.40211070319784,103.914916619924,2025-06-30
70379,2020-05,PUNGGOL,4 ROOM,617A,PUNGGOL DR,13 TO 15,95.0,Premium Apartment,2013,92 years 05 months,482000.0,617A PUNGGOL DR,821617,1.40232925703382,103.911811406545,2025-06-30
70380,2020-05,PUNGGOL,4 ROOM,667A,PUNGGOL DR,10 TO 12,93.0,Premium Apartment,2016,94 years 10 months,490000.0,667A PUNGGOL DR,821667,1.40260030998864,103.913971396177,2025-06-30
70381,2020-05,PUNGGOL,4 ROOM,666A,PUNGGOL DR,16 TO 18,93.0,Premium Apartment,2016,94 years 10 months,520000.0,666A PUNGGOL DR,821666,1.40153631153053,103.915077974858,2025-06-30
70382,2020-05,PUNGGOL,4 ROOM,169B,PUNGGOL FIELD,07 TO 09,93.0,Model A,2014,93 years,440000.0,169B PUNGGOL FIELD,822169,1.39322466506004,103.914067696947,2025-06-30
70383,2020-05,PUNGGOL,4 ROOM,258C,PUNGGOL FIELD,10 TO 12,93.0,Model A,2016,95 years 01 month,478000.0,258C PUNGGOL FIELD,823258,1.40414193190214,103.896363634267,2025-06-30
70384,2020-05,PUNGGOL,4 ROOM,207A,PUNGGOL PL,07 TO 09,92.0,Model A,2014,93 years 03 months,455000.0,207A PUNGGOL PL,821207,1.40028667892624,103.901012370624,2025-06-30
70385,2020-05,PUNGGOL,4 ROOM,213A,PUNGGOL WALK,13 TO 15,93.0,Model A,2015,94 years,440000.0,213A PUNGGOL WALK,821213,1.40030900317851,103.898075134619,2025-06-30
70386,2020-05,PUNGGOL,4 ROOM,272D,PUNGGOL WALK,10 TO 12,93.0,Premium Apartment,2014,93 years,530000.0,272D PUNGGOL WALK,824272,1.40273347530835,103.90046347534,2025-06-30
70387,2020-05,PUNGGOL,4 ROOM,211A,PUNGGOL WALK,13 TO 15,95.0,Model A,2014,93 years 01 month,520000.0,211A PUNGGOL WALK,821211,1.40175984290477,103.899944356053,2025-06-30
70388,2020-05,PUNGGOL,4 ROOM,308A,PUNGGOL WALK,16 TO 18,92.0,Premium Apartment,2016,94 years 10 months,565000.0,308A PUNGGOL WALK,821308,1.40776143065745,103.900998963843,2025-06-30
70389,2020-05,PUNGGOL,4 ROOM,308B,PUNGGOL WALK,04 TO 06,92.0,Premium Apartment,2016,94 years 10 months,528000.0,308B PUNGGOL WALK,822308,1.40776678175669,103.89887868051,2025-06-30
70390,2020-05,PUNGGOL,5 ROOM,667B,PUNGGOL DR,07 TO 09,113.0,Premium Apartment,2016,94 years 10 months,670000.0,667B PUNGGOL DR,822667,1.40211070319784,103.914916619924,2025-06-30
70391,2020-05,PUNGGOL,5 ROOM,641B,PUNGGOL DR,10 TO 12,110.0,Premium Apartment,2005,83 years 09 months,460888.0,641B PUNGGOL DR,822641,1.39879210176291,103.91662522758,2025-06-30
70392,2020-05,PUNGGOL,5 ROOM,666B,PUNGGOL DR,13 TO 15,113.0,Premium Apartment,2016,94 years 10 months,670000.0,666B PUNGGOL DR,822666,1.40179672508929,103.915278092564,2025-06-30
70393,2020-05,PUNGGOL,5 ROOM,196D,PUNGGOL FIELD,07 TO 09,110.0,Improved,2003,82 years 03 months,435000.0,196D PUNGGOL FIELD,824196,1.39966081419517,103.907234511303,2025-06-30
70394,2020-05,PUNGGOL,5 ROOM,258C,PUNGGOL FIELD,07 TO 09,113.0,Improved,2016,95 years 02 months,600000.0,258C PUNGGOL FIELD,823258,1.40414193190214,103.896363634267,2025-06-30
70395,2020-05,PUNGGOL,5 ROOM,110C,PUNGGOL FIELD,10 TO 12,110.0,Improved,2003,82 years 01 month,460000.0,110C PUNGGOL FIELD,823110,1.39539733228908,103.910033984669,2025-06-30
70396,2020-05,PUNGGOL,5 ROOM,265D,PUNGGOL WAY,10 TO 12,112.0,Improved,2015,94 years 02 months,593888.0,265D PUNGGOL WAY,824265,1.40482604982361,103.89830171747,2025-06-30
70397,2020-05,QUEENSTOWN,3 ROOM,109,C'WEALTH CRES,04 TO 06,60.0,Standard,1969,47 years 08 months,250000.0,109 C'WEALTH CRES,140109,1.30724943075855,103.798938288338,2025-06-30
70398,2020-05,QUEENSTOWN,3 ROOM,3,DOVER RD,04 TO 06,65.0,Improved,1975,54 years 03 months,298000.0,3 DOVER RD,130003,1.30373592079542,103.782443789544,2025-06-30
70399,2020-05,QUEENSTOWN,3 ROOM,21,GHIM MOH RD,01 TO 03,65.0,Improved,1977,56 years 01 month,270000.0,21 GHIM MOH RD,270021,1.31010302594118,103.788545950724,2025-06-30
70400,2020-05,QUEENSTOWN,3 ROOM,8,HOLLAND AVE,13 TO 15,67.0,Improved,1974,53 years 02 months,313000.0,8 HOLLAND AVE,271008,1.30651406379174,103.794222994827,2025-06-30
70401,2020-05,QUEENSTOWN,3 ROOM,166,STIRLING RD,07 TO 09,60.0,Improved,1970,49 years 03 months,240000.0,166 STIRLING RD,140166,1.29069965982212,103.802362949625,2025-06-30
70402,2020-05,QUEENSTOWN,4 ROOM,89,DAWSON RD,04 TO 06,83.0,Premium Apartment,2016,95 years,755000.0,89 DAWSON RD,142089,1.29546316937491,103.811785236884,2025-06-30
70403,2020-05,QUEENSTOWN,4 ROOM,89,DAWSON RD,28 TO 30,97.0,Premium Apartment Loft,2016,95 years,885000.0,89 DAWSON RD,142089,1.29546316937491,103.811785236884,2025-06-30
70404,2020-05,QUEENSTOWN,4 ROOM,92,DAWSON RD,31 TO 33,97.0,Premium Apartment Loft,2016,95 years,900000.0,92 DAWSON RD,141092,1.29512086158743,103.81115001607,2025-06-30
70405,2020-05,QUEENSTOWN,4 ROOM,8,HOLLAND AVE,13 TO 15,82.0,Improved,1974,53 years 01 month,510000.0,8 HOLLAND AVE,271008,1.30651406379174,103.794222994827,2025-06-30
70406,2020-05,QUEENSTOWN,5 ROOM,30,HOLLAND CL,25 TO 27,125.0,Improved,1997,76 years 06 months,950000.0,30 HOLLAND CL,270030,1.30774789148086,103.796627163472,2025-06-30
70407,2020-05,QUEENSTOWN,5 ROOM,56,STRATHMORE AVE,04 TO 06,110.0,Improved,2002,81 years,760000.0,56 STRATHMORE AVE,140056,1.29336074269525,103.809856966934,2025-06-30
70408,2020-05,SEMBAWANG,4 ROOM,321,SEMBAWANG CL,04 TO 06,101.0,Model A,1999,78 years 01 month,350000.0,321 SEMBAWANG CL,750321,1.44608014993333,103.818524062291,2025-06-30
70409,2020-05,SEMBAWANG,5 ROOM,357B,ADMIRALTY DR,13 TO 15,111.0,Premium Apartment,2001,80 years 02 months,420000.0,357B ADMIRALTY DR,752357,1.45024168257745,103.817316100829,2025-06-30
70410,2020-05,SEMBAWANG,5 ROOM,422,CANBERRA RD,04 TO 06,110.0,Improved,2001,79 years 11 months,382000.0,422 CANBERRA RD,750422,1.45343668669671,103.818449528171,2025-06-30
70411,2020-05,SEMBAWANG,EXECUTIVE,467B,ADMIRALTY DR,13 TO 15,137.0,Premium Apartment,2001,80 years 04 months,460000.0,467B ADMIRALTY DR,752467,1.45114148417526,103.813629843094,2025-06-30
70412,2020-05,SEMBAWANG,EXECUTIVE,423,CANBERRA RD,10 TO 12,130.0,Apartment,2001,79 years 11 months,478000.0,423 CANBERRA RD,750423,1.45374132100674,103.818123782511,2025-06-30
70413,2020-05,SEMBAWANG,EXECUTIVE,472,SEMBAWANG DR,13 TO 15,130.0,Apartment,2000,79 years 03 months,435000.0,472 SEMBAWANG DR,750472,1.45158308311633,103.81624498827,2025-06-30
70414,2020-05,SENGKANG,3 ROOM,329A,ANCHORVALE ST,07 TO 09,67.0,Model A,2015,94 years 05 months,350000.0,329A ANCHORVALE ST,541329,1.39619302195076,103.88972181068,2025-06-30
70415,2020-05,SENGKANG,3 ROOM,441C,FERNVALE RD,16 TO 18,69.0,Model A,2012,90 years 10 months,350000.0,441C FERNVALE RD,793441,1.39220060795463,103.874778712417,2025-06-30
70416,2020-05,SENGKANG,3 ROOM,453D,FERNVALE RD,07 TO 09,67.0,Model A,2015,94 years 04 months,336000.0,453D FERNVALE RD,794453,1.39341707295426,103.875340178233,2025-06-30
70417,2020-05,SENGKANG,3 ROOM,180A,RIVERVALE CRES,07 TO 09,67.0,Model A,2015,93 years 11 months,295000.0,180A RIVERVALE CRES,541180,1.39025909742147,103.909624930156,2025-06-30
70418,2020-05,SENGKANG,3 ROOM,180D,RIVERVALE CRES,01 TO 03,67.0,Model A,2015,93 years 10 months,275000.0,180D RIVERVALE CRES,544180,1.3893584945611,103.910398123408,2025-06-30
70419,2020-05,SENGKANG,3 ROOM,433A,SENGKANG WEST WAY,25 TO 27,67.0,Model A,2014,93 years 06 months,365000.0,433A SENGKANG WEST WAY,791433,1.39494947298112,103.877566961287,2025-06-30
70420,2020-05,SENGKANG,4 ROOM,333A,ANCHORVALE LINK,13 TO 15,92.0,Model A,2015,94 years 03 months,483000.0,333A ANCHORVALE LINK,541333,1.39468433299355,103.89086832093,2025-06-30
70421,2020-05,SENGKANG,4 ROOM,306A,ANCHORVALE LINK,10 TO 12,90.0,Model A,2002,80 years 11 months,370000.0,306A ANCHORVALE LINK,541306,1.39017967183099,103.889048649412,2025-06-30
70422,2020-05,SENGKANG,4 ROOM,327C,ANCHORVALE RD,07 TO 09,92.0,Premium Apartment,2015,94 years,455000.0,327C ANCHORVALE RD,543327,1.39609319862488,103.888720918656,2025-06-30
70423,2020-05,SENGKANG,4 ROOM,331B,ANCHORVALE ST,04 TO 06,92.0,Model A,2015,94 years 04 months,422000.0,331B ANCHORVALE ST,542331,1.39567244030632,103.890125430899,2025-06-30
70424,2020-05,SENGKANG,4 ROOM,330B,ANCHORVALE ST,01 TO 03,92.0,Model A,2015,94 years 03 months,405000.0,330B ANCHORVALE ST,542330,1.39655770884234,103.890240536174,2025-06-30
70425,2020-05,SENGKANG,4 ROOM,212B,COMPASSVALE DR,13 TO 15,99.0,Premium Apartment,2012,91 years 06 months,450000.0,212B COMPASSVALE DR,542212,1.38618514540465,103.900551157406,2025-06-30
70426,2020-05,SENGKANG,4 ROOM,275C,COMPASSVALE LINK,07 TO 09,92.0,Premium Apartment,2009,88 years 02 months,565000.0,275C COMPASSVALE LINK,543275,1.38323915036519,103.893959919868,2025-06-30
70427,2020-05,SENGKANG,4 ROOM,247,COMPASSVALE RD,04 TO 06,85.0,Model A2,2000,79 years 01 month,370000.0,247 COMPASSVALE RD,540247,1.3920922979789,103.899249247556,2025-06-30
70428,2020-05,SENGKANG,4 ROOM,440B,FERNVALE LINK,25 TO 27,92.0,Model A,2015,94 years 03 months,450000.0,440B FERNVALE LINK,792440,1.39329062882167,103.878138964178,2025-06-30
70429,2020-05,SENGKANG,4 ROOM,430B,FERNVALE LINK,10 TO 12,92.0,Model A,2015,94 years 01 month,415000.0,430B FERNVALE LINK,792430,1.39390769406304,103.8782232872,2025-06-30
70430,2020-05,SENGKANG,4 ROOM,413A,FERNVALE LINK,22 TO 24,95.0,Premium Apartment,2004,82 years 11 months,387000.0,413A FERNVALE LINK,791413,1.38930680618338,103.878729319261,2025-06-30
70431,2020-05,SENGKANG,4 ROOM,411B,FERNVALE RD,19 TO 21,96.0,Premium Apartment,2012,91 years 07 months,453000.0,411B FERNVALE RD,792411,1.39016261835765,103.877056202025,2025-06-30
70432,2020-05,SENGKANG,4 ROOM,178B,RIVERVALE CRES,10 TO 12,93.0,Model A,2015,93 years 11 months,400000.0,178B RIVERVALE CRES,542178,1.38854689304718,103.910034044279,2025-06-30
70433,2020-05,SENGKANG,4 ROOM,178B,RIVERVALE CRES,10 TO 12,93.0,Model A,2015,94 years,394000.0,178B RIVERVALE CRES,542178,1.38854689304718,103.910034044279,2025-06-30
70434,2020-05,SENGKANG,4 ROOM,197,RIVERVALE DR,10 TO 12,91.0,Model A,2001,80 years 01 month,345000.0,197 RIVERVALE DR,540197,1.39260720460019,103.903563470108,2025-06-30
70435,2020-05,SENGKANG,4 ROOM,271A,SENGKANG CTRL,01 TO 03,93.0,Premium Apartment,2010,89 years 01 month,470000.0,271A SENGKANG CTRL,541271,1.38595588536248,103.894654799481,2025-06-30
70436,2020-05,SENGKANG,4 ROOM,260A,SENGKANG EAST WAY,13 TO 15,90.0,Model A,2001,79 years 09 months,440000.0,260A SENGKANG EAST WAY,541260,1.39314109071501,103.895569385627,2025-06-30
70437,2020-05,SENGKANG,4 ROOM,451B,SENGKANG WEST WAY,16 TO 18,92.0,Model A,2015,94 years 01 month,418000.0,451B SENGKANG WEST WAY,792451,1.39429893366267,103.874547411666,2025-06-30
70438,2020-05,SENGKANG,4 ROOM,469C,SENGKANG WEST WAY,04 TO 06,93.0,Model A,2016,95 years 04 months,400000.0,469C SENGKANG WEST WAY,793469,1.39632353747039,103.877422028405,2025-06-30
70439,2020-05,SENGKANG,5 ROOM,335C,ANCHORVALE CRES,01 TO 03,111.0,Premium Apartment,2015,94 years 08 months,570000.0,335C ANCHORVALE CRES,543335,1.39844903339851,103.888155361419,2025-06-30
70440,2020-05,SENGKANG,5 ROOM,320B,ANCHORVALE DR,01 TO 03,110.0,Improved,2002,81 years 05 months,410000.0,320B ANCHORVALE DR,542320,1.39125129542693,103.890809117875,2025-06-30
70441,2020-05,SENGKANG,5 ROOM,332B,ANCHORVALE LINK,04 TO 06,112.0,Improved,2015,94 years 02 months,575000.0,332B ANCHORVALE LINK,542332,1.39510794817993,103.891456224107,2025-06-30
70442,2020-05,SENGKANG,5 ROOM,206A,COMPASSVALE LANE,01 TO 03,123.0,Improved,1999,78 years 03 months,430000.0,206A COMPASSVALE LANE,541206,1.38648068232058,103.896739891401,2025-06-30
70443,2020-05,SENGKANG,5 ROOM,405B,FERNVALE LANE,04 TO 06,112.0,Premium Apartment,2004,82 years 11 months,412000.0,405B FERNVALE LANE,792405,1.38900200354175,103.873670202802,2025-06-30
70444,2020-05,SENGKANG,5 ROOM,157A,RIVERVALE CRES,07 TO 09,112.0,Premium Apartment,2003,82 years 06 months,438000.0,157A RIVERVALE CRES,541157,1.38785512397153,103.908392900982,2025-06-30
70445,2020-05,SENGKANG,5 ROOM,188C,RIVERVALE DR,16 TO 18,115.0,Improved,2000,79 years 04 months,418000.0,188C RIVERVALE DR,543188,1.39522162663414,103.904808624541,2025-06-30
70446,2020-05,SENGKANG,5 ROOM,187B,RIVERVALE DR,10 TO 12,110.0,Improved,2000,79 years 08 months,385000.0,187B RIVERVALE DR,542187,1.39429790657459,103.90584757628,2025-06-30
70447,2020-05,SENGKANG,5 ROOM,123A,RIVERVALE DR,07 TO 09,115.0,Improved,1999,78 years 05 months,420000.0,123A RIVERVALE DR,541123,1.38604163686578,103.902900571161,2025-06-30
70448,2020-05,SENGKANG,5 ROOM,280B,SENGKANG EAST AVE,04 TO 06,112.0,Premium Apartment,2015,94 years 05 months,585000.0,280B SENGKANG EAST AVE,542280,1.38616197671749,103.892091814343,2025-06-30
70449,2020-05,SENGKANG,5 ROOM,200A,SENGKANG EAST RD,10 TO 12,110.0,Improved,2001,80 years 04 months,480000.0,200A SENGKANG EAST RD,541200,1.38700703200166,103.891964770037,2025-06-30
70450,2020-05,SENGKANG,EXECUTIVE,297A,COMPASSVALE ST,16 TO 18,134.0,Premium Apartment,2001,80 years 03 months,565000.0,297A COMPASSVALE ST,541297,1.39483596039701,103.900697317347,2025-06-30
70451,2020-05,SENGKANG,EXECUTIVE,135,RIVERVALE ST,04 TO 06,140.0,Apartment,1998,77 years 08 months,535000.0,135 RIVERVALE ST,540135,1.38814105144964,103.905022041583,2025-06-30
70452,2020-05,SENGKANG,EXECUTIVE,103,RIVERVALE WALK,16 TO 18,141.0,Apartment,1999,77 years 11 months,585000.0,103 RIVERVALE WALK,540103,1.38291146712108,103.901208583313,2025-06-30
70453,2020-05,SERANGOON,4 ROOM,239,SERANGOON AVE 2,10 TO 12,104.0,Model A,1985,64 years 02 months,615000.0,239 SERANGOON AVE 2,550239,1.35319103281952,103.868691793358,2025-06-30
70454,2020-05,SERANGOON,EXECUTIVE,526,SERANGOON NTH AVE 4,10 TO 12,148.0,Maisonette,1992,71 years 07 months,685000.0,526 SERANGOON NTH AVE 4,550526,1.37177912019467,103.872785610012,2025-06-30
70455,2020-05,TAMPINES,3 ROOM,890A,TAMPINES AVE 1,07 TO 09,69.0,Model A,2015,94 years 06 months,370000.0,890A TAMPINES AVE 1,521890,1.34672448664678,103.933876119392,2025-06-30
70456,2020-05,TAMPINES,3 ROOM,909,TAMPINES AVE 4,01 TO 03,79.0,Model A,1984,62 years 11 months,365000.0,909 TAMPINES AVE 4,520909,1.35019740098746,103.939407095255,2025-06-30
70457,2020-05,TAMPINES,3 ROOM,267,TAMPINES ST 21,01 TO 03,75.0,Model A,1983,62 years 03 months,320000.0,267 TAMPINES ST 21,520267,1.35077278806368,103.9492592317,2025-06-30
70458,2020-05,TAMPINES,3 ROOM,462,TAMPINES ST 44,07 TO 09,64.0,Simplified,1987,66 years 04 months,300000.0,462 TAMPINES ST 44,520462,1.35901318117916,103.955111125309,2025-06-30
70459,2020-05,TAMPINES,3 ROOM,853,TAMPINES ST 83,01 TO 03,74.0,Model A,1987,66 years 08 months,302000.0,853 TAMPINES ST 83,520853,1.35327260645307,103.93506749521,2025-06-30
70460,2020-05,TAMPINES,4 ROOM,117,SIMEI ST 1,10 TO 12,103.0,Model A,1988,67 years 01 month,475000.0,117 SIMEI ST 1,520117,1.34458555119791,103.951315573207,2025-06-30
70461,2020-05,TAMPINES,4 ROOM,519A,TAMPINES CTRL 8,04 TO 06,83.0,DBSS,2014,93 years 02 months,630000.0,519A TAMPINES CTRL 8,521519,1.35727594461393,103.940381600354,2025-06-30
70462,2020-05,TAMPINES,4 ROOM,102,TAMPINES ST 11,07 TO 09,118.0,Model A,1983,62 years 06 months,450000.0,102 TAMPINES ST 11,521102,1.34671616267656,103.945521388285,2025-06-30
70463,2020-05,TAMPINES,4 ROOM,219,TAMPINES ST 24,07 TO 09,104.0,Model A,1985,63 years 10 months,448000.0,219 TAMPINES ST 24,520219,1.35479243854559,103.952612725374,2025-06-30
70464,2020-05,TAMPINES,4 ROOM,367,TAMPINES ST 34,04 TO 06,100.0,Model A,1997,76 years 01 month,415000.0,367 TAMPINES ST 34,520367,1.35861946074158,103.960788620104,2025-06-30
70465,2020-05,TAMPINES,4 ROOM,367,TAMPINES ST 34,04 TO 06,102.0,Model A,1997,76 years 01 month,393000.0,367 TAMPINES ST 34,520367,1.35861946074158,103.960788620104,2025-06-30
70466,2020-05,TAMPINES,4 ROOM,406,TAMPINES ST 41,01 TO 03,84.0,Simplified,1986,65 years 06 months,400000.0,406 TAMPINES ST 41,520406,1.35782898281099,103.945792875974,2025-06-30
70467,2020-05,TAMPINES,4 ROOM,491D,TAMPINES ST 45,04 TO 06,103.0,Model A,1993,72 years 03 months,375000.0,491D TAMPINES ST 45,523491,1.36246520398535,103.954683087779,2025-06-30
70468,2020-05,TAMPINES,4 ROOM,498G,TAMPINES ST 45,07 TO 09,106.0,Premium Apartment,1997,76 years 02 months,430000.0,498G TAMPINES ST 45,525498,1.36227844944127,103.958121867302,2025-06-30
70469,2020-05,TAMPINES,4 ROOM,702,TAMPINES ST 71,13 TO 15,100.0,Model A,1997,76 years 04 months,448000.0,702 TAMPINES ST 71,520702,1.3561725371375,103.937479923002,2025-06-30
70470,2020-05,TAMPINES,4 ROOM,720,TAMPINES ST 72,07 TO 09,99.0,Model A,1997,76 years 01 month,415000.0,720 TAMPINES ST 72,520720,1.35938894436607,103.936070829294,2025-06-30
70471,2020-05,TAMPINES,4 ROOM,867,TAMPINES ST 83,10 TO 12,104.0,Model A,1989,67 years 10 months,472000.0,867 TAMPINES ST 83,520867,1.35511311954001,103.934046408805,2025-06-30
70472,2020-05,TAMPINES,4 ROOM,916,TAMPINES ST 91,01 TO 03,110.0,Model A,1984,63 years 05 months,400888.0,916 TAMPINES ST 91,520916,1.34863107372522,103.940290409375,2025-06-30
70473,2020-05,TAMPINES,5 ROOM,163,SIMEI RD,10 TO 12,122.0,Improved,1989,68 years 02 months,513000.0,163 SIMEI RD,520163,1.34600508966501,103.959200557679,2025-06-30
70474,2020-05,TAMPINES,5 ROOM,124,SIMEI ST 1,04 TO 06,123.0,Improved,1988,66 years 10 months,510000.0,124 SIMEI ST 1,520124,1.34630712931251,103.953375789945,2025-06-30
70475,2020-05,TAMPINES,5 ROOM,117,SIMEI ST 1,01 TO 03,122.0,Improved,1988,67 years 01 month,485000.0,117 SIMEI ST 1,520117,1.34458555119791,103.951315573207,2025-06-30
70476,2020-05,TAMPINES,5 ROOM,815,TAMPINES AVE 4,16 TO 18,121.0,Improved,1985,63 years 11 months,550000.0,815 TAMPINES AVE 4,520815,1.34734692651401,103.937409006158,2025-06-30
70477,2020-05,TAMPINES,5 ROOM,232,TAMPINES ST 21,10 TO 12,121.0,Improved,1985,63 years 09 months,531000.0,232 TAMPINES ST 21,521232,1.35641019271569,103.948701736728,2025-06-30
70478,2020-05,TAMPINES,5 ROOM,368,TAMPINES ST 34,01 TO 03,122.0,Improved,1997,76 years 01 month,450000.0,368 TAMPINES ST 34,520368,1.35847458329919,103.961288498131,2025-06-30
70479,2020-05,TAMPINES,5 ROOM,374,TAMPINES ST 34,01 TO 03,123.0,Improved,1995,74 years 05 months,480000.0,374 TAMPINES ST 34,520374,1.35643914546887,103.958623896768,2025-06-30
70480,2020-05,TAMPINES,EXECUTIVE,431,TAMPINES ST 41,10 TO 12,143.0,Apartment,1986,64 years 10 months,620000.0,431 TAMPINES ST 41,520431,1.35958483033608,103.950730740317,2025-06-30
70481,2020-05,TAMPINES,EXECUTIVE,894,TAMPINES ST 81,01 TO 03,149.0,Maisonette,1989,67 years 10 months,620000.0,894 TAMPINES ST 81,520894,1.34860420057258,103.931922138374,2025-06-30
70482,2020-05,TOA PAYOH,2 ROOM,161,LOR 1 TOA PAYOH,10 TO 12,40.0,Improved,1972,50 years 09 months,200000.0,161 LOR 1 TOA PAYOH,310161,1.33050932305378,103.845003635197,2025-06-30
70483,2020-05,TOA PAYOH,3 ROOM,195,KIM KEAT AVE,10 TO 12,66.0,Improved,1973,52 years 03 months,211000.0,195 KIM KEAT AVE,310195,1.33008102222991,103.858354604112,2025-06-30
70484,2020-05,TOA PAYOH,3 ROOM,96,LOR 3 TOA PAYOH,13 TO 15,78.0,Improved,1970,48 years 09 months,318000.0,96 LOR 3 TOA PAYOH,310096,1.33862406463359,103.848379785457,2025-06-30
70485,2020-05,TOA PAYOH,3 ROOM,85B,LOR 4 TOA PAYOH,16 TO 18,68.0,Improved,1972,50 years 09 months,268000.0,85B LOR 4 TOA PAYOH,312085,1.33628535194303,103.848443049823,2025-06-30
70486,2020-05,TOA PAYOH,3 ROOM,118,POTONG PASIR AVE 1,04 TO 06,67.0,New Generation,1984,63 years 06 months,340000.0,118 POTONG PASIR AVE 1,350118,1.33548147418923,103.862653751675,2025-06-30
70487,2020-05,TOA PAYOH,4 ROOM,11,LOR 8 TOA PAYOH,07 TO 09,101.0,Model A,1998,76 years 11 months,535000.0,11 LOR 8 TOA PAYOH,310011,1.33723344302177,103.858841063408,2025-06-30
70488,2020-05,TOA PAYOH,4 ROOM,115,POTONG PASIR AVE 1,07 TO 09,93.0,New Generation,1984,63 years 07 months,420000.0,115 POTONG PASIR AVE 1,350115,1.33726999806036,103.862806558366,2025-06-30
70489,2020-05,TOA PAYOH,4 ROOM,115,POTONG PASIR AVE 1,07 TO 09,93.0,New Generation,1984,63 years 06 months,420000.0,115 POTONG PASIR AVE 1,350115,1.33726999806036,103.862806558366,2025-06-30
70490,2020-05,TOA PAYOH,5 ROOM,11,JOO SENG RD,04 TO 06,123.0,Improved,1983,62 years,500000.0,11 JOO SENG RD,360011,1.33500895047711,103.880706259667,2025-06-30
70491,2020-05,TOA PAYOH,5 ROOM,244,KIM KEAT LINK,01 TO 03,122.0,Improved,1989,67 years 10 months,560000.0,244 KIM KEAT LINK,310244,1.33069367982742,103.85635902134,2025-06-30
70492,2020-05,TOA PAYOH,5 ROOM,49,LOR 5 TOA PAYOH,16 TO 18,124.0,Improved,1993,72 years,742000.0,49 LOR 5 TOA PAYOH,310049,1.33737120983889,103.853113423858,2025-06-30
70493,2020-05,TOA PAYOH,5 ROOM,145,POTONG PASIR AVE 2,13 TO 15,146.0,Model A-Maisonette,1984,63 years 02 months,862500.0,145 POTONG PASIR AVE 2,350145,1.33237317770639,103.866165158665,2025-06-30
70494,2020-05,WOODLANDS,3 ROOM,32,MARSILING DR,07 TO 09,88.0,New Generation,1980,58 years 09 months,255000.0,32 MARSILING DR,730032,1.44337609848317,103.772918121132,2025-06-30
70495,2020-05,WOODLANDS,3 ROOM,202,MARSILING DR,07 TO 09,68.0,New Generation,1981,60 years 02 months,225000.0,202 MARSILING DR,730202,1.44315121142693,103.775164777049,2025-06-30
70496,2020-05,WOODLANDS,3 ROOM,13,MARSILING LANE,13 TO 15,65.0,Improved,1976,55 years,235000.0,13 MARSILING LANE,730013,1.44109627463339,103.779276133737,2025-06-30
70497,2020-05,WOODLANDS,4 ROOM,570B,WOODLANDS AVE 1,07 TO 09,92.0,Model A,2013,92 years 07 months,440000.0,570B WOODLANDS AVE 1,732570,1.43106395485681,103.790454078756,2025-06-30
70498,2020-05,WOODLANDS,4 ROOM,746,WOODLANDS CIRCLE,10 TO 12,103.0,Model A,1998,76 years 09 months,315000.0,746 WOODLANDS CIRCLE,730746,1.4425071362764,103.795304649405,2025-06-30
70499,2020-05,WOODLANDS,4 ROOM,782B,WOODLANDS CRES,13 TO 15,92.0,Model A,2015,94 years 03 months,425000.0,782B WOODLANDS CRES,732782,1.44746980055218,103.803227069534,2025-06-30
70500,2020-05,WOODLANDS,4 ROOM,621,WOODLANDS DR 52,01 TO 03,101.0,Model A,1998,77 years 02 months,302000.0,621 WOODLANDS DR 52,730621,1.43411191997483,103.798080046893,2025-06-30
70501,2020-05,WOODLANDS,4 ROOM,630,WOODLANDS RING RD,04 TO 06,101.0,Model A,1998,77 years 05 months,320000.0,630 WOODLANDS RING RD,730630,1.43459740049636,103.801501088314,2025-06-30
70502,2020-05,WOODLANDS,4 ROOM,632,WOODLANDS RING RD,01 TO 03,102.0,Model A,1999,78 years 05 months,312000.0,632 WOODLANDS RING RD,730632,1.43580424262987,103.801841686021,2025-06-30
70503,2020-05,WOODLANDS,4 ROOM,662,WOODLANDS RING RD,10 TO 12,101.0,Model A,1998,76 years 11 months,345000.0,662 WOODLANDS RING RD,730662,1.43556537853694,103.798090214896,2025-06-30
70504,2020-05,WOODLANDS,4 ROOM,335,WOODLANDS ST 32,04 TO 06,83.0,Simplified,1985,64 years 07 months,302800.0,335 WOODLANDS ST 32,730335,1.42972520117129,103.780579357988,2025-06-30
70505,2020-05,WOODLANDS,4 ROOM,428,WOODLANDS ST 41,10 TO 12,84.0,Simplified,1996,75 years 03 months,300000.0,428 WOODLANDS ST 41,730428,1.42698292390675,103.772578475525,2025-06-30
70506,2020-05,WOODLANDS,4 ROOM,875,WOODLANDS ST 82,01 TO 03,115.0,Model A,1996,74 years 10 months,330000.0,875 WOODLANDS ST 82,730875,1.44253261259412,103.789611665242,2025-06-30
70507,2020-05,WOODLANDS,5 ROOM,349,WOODLANDS AVE 3,04 TO 06,122.0,Improved,1988,67 years 04 months,420000.0,349 WOODLANDS AVE 3,730349,1.43352424523671,103.782516336037,2025-06-30
70508,2020-05,WOODLANDS,5 ROOM,366,WOODLANDS AVE 5,07 TO 09,124.0,Improved,1996,75 years 01 month,525500.0,366 WOODLANDS AVE 5,730366,1.43374240160648,103.787381727991,2025-06-30
70509,2020-05,WOODLANDS,5 ROOM,793,WOODLANDS AVE 6,01 TO 03,122.0,Improved,1997,76 years 08 months,400000.0,793 WOODLANDS AVE 6,730793,1.44239411276294,103.802849502125,2025-06-30
70510,2020-05,WOODLANDS,5 ROOM,782A,WOODLANDS CRES,01 TO 03,112.0,Improved,2015,94 years 02 months,428000.0,782A WOODLANDS CRES,731782,1.44746650320484,103.802661294631,2025-06-30
70511,2020-05,WOODLANDS,5 ROOM,712,WOODLANDS DR 70,04 TO 06,119.0,Improved,1996,75 years 09 months,395000.0,712 WOODLANDS DR 70,730712,1.44190741181249,103.797234182141,2025-06-30
70512,2020-05,WOODLANDS,5 ROOM,794,WOODLANDS DR 72,10 TO 12,121.0,Improved,1998,76 years 09 months,430000.0,794 WOODLANDS DR 72,730794,1.44257449085255,103.803594082133,2025-06-30
70513,2020-05,WOODLANDS,5 ROOM,645,WOODLANDS RING RD,04 TO 06,121.0,Improved,1998,77 years 03 months,420000.0,645 WOODLANDS RING RD,730645,1.43705047335975,103.800942560385,2025-06-30
70514,2020-05,WOODLANDS,5 ROOM,162,WOODLANDS ST 13,04 TO 06,121.0,Improved,1985,64 years 02 months,390000.0,162 WOODLANDS ST 13,730162,1.43302886817123,103.773134083234,2025-06-30
70515,2020-05,WOODLANDS,5 ROOM,425,WOODLANDS ST 41,07 TO 09,121.0,Improved,1997,75 years 11 months,398000.0,425 WOODLANDS ST 41,730425,1.42711319460913,103.773996244241,2025-06-30
70516,2020-05,WOODLANDS,5 ROOM,801,WOODLANDS ST 81,04 TO 06,121.0,Improved,1989,68 years 06 months,390000.0,801 WOODLANDS ST 81,730801,1.44168228349553,103.785984689784,2025-06-30
70517,2020-05,WOODLANDS,EXECUTIVE,788C,WOODLANDS CRES,01 TO 03,141.0,Apartment,1999,78 years 02 months,538000.0,788C WOODLANDS CRES,733788,1.44387179785993,103.801833448049,2025-06-30
70518,2020-05,WOODLANDS,EXECUTIVE,834,WOODLANDS ST 83,04 TO 06,176.0,Apartment,1994,73 years 01 month,668000.0,834 WOODLANDS ST 83,730834,1.44007817169826,103.79107573281,2025-06-30
70519,2020-05,WOODLANDS,EXECUTIVE,866,WOODLANDS ST 83,07 TO 09,146.0,Apartment,1996,74 years 10 months,545000.0,866 WOODLANDS ST 83,730866,1.4415399886956,103.792755862349,2025-06-30
70520,2020-05,WOODLANDS,EXECUTIVE,868,WOODLANDS ST 83,04 TO 06,144.0,Apartment,1996,74 years 11 months,535000.0,868 WOODLANDS ST 83,730868,1.44236928831697,103.79355116429,2025-06-30
70521,2020-05,WOODLANDS,EXECUTIVE,834,WOODLANDS ST 83,07 TO 09,192.0,Apartment,1994,73 years,715000.0,834 WOODLANDS ST 83,730834,1.44007817169826,103.79107573281,2025-06-30
70522,2020-05,YISHUN,3 ROOM,431C,YISHUN AVE 1,07 TO 09,67.0,Model A,2015,94 years 05 months,307000.0,431C YISHUN AVE 1,763431,1.42019719250114,103.84650450091,2025-06-30
70523,2020-05,YISHUN,3 ROOM,431B,YISHUN AVE 1,04 TO 06,67.0,Model A,2015,94 years 05 months,285000.0,431B YISHUN AVE 1,762431,1.4203331802259,103.847102448565,2025-06-30
70524,2020-05,YISHUN,3 ROOM,107,YISHUN RING RD,01 TO 03,67.0,New Generation,1982,61 years 01 month,247000.0,107 YISHUN RING RD,760107,1.4322180811837,103.827520197458,2025-06-30
70525,2020-05,YISHUN,3 ROOM,123,YISHUN ST 11,04 TO 06,68.0,New Generation,1985,64 years 03 months,265000.0,123 YISHUN ST 11,760123,1.43457263947313,103.831796919201,2025-06-30
70526,2020-05,YISHUN,3 ROOM,504A,YISHUN ST 51,07 TO 09,68.0,Model A,2016,94 years 11 months,295000.0,504A YISHUN ST 51,761504,1.41807055182868,103.844083330937,2025-06-30
70527,2020-05,YISHUN,3 ROOM,641,YISHUN ST 61,10 TO 12,64.0,Simplified,1992,71 years 02 months,242000.0,641 YISHUN ST 61,760641,1.42081685421992,103.838166008926,2025-06-30
70528,2020-05,YISHUN,3 ROOM,716,YISHUN ST 71,07 TO 09,64.0,Simplified,1987,66 years 07 months,250000.0,716 YISHUN ST 71,760716,1.42621096565013,103.827704108295,2025-06-30
70529,2020-05,YISHUN,3 ROOM,718,YISHUN ST 71,07 TO 09,64.0,Simplified,1987,65 years 11 months,245000.0,718 YISHUN ST 71,760718,1.42681827962849,103.828512775486,2025-06-30
70530,2020-05,YISHUN,3 ROOM,753,YISHUN ST 72,01 TO 03,65.0,Simplified,1986,65 years 08 months,250000.0,753 YISHUN ST 72,760753,1.426987042197,103.834627470285,2025-06-30
70531,2020-05,YISHUN,4 ROOM,424C,YISHUN AVE 11,10 TO 12,92.0,Model A,2015,94 years 08 months,397000.0,424C YISHUN AVE 11,763424,1.42325871209596,103.849154996435,2025-06-30
70532,2020-05,YISHUN,4 ROOM,348C,YISHUN AVE 11,04 TO 06,92.0,DBSS,2013,92 years 06 months,510000.0,348C YISHUN AVE 11,763348,1.42714143019714,103.84223128885,2025-06-30
70533,2020-05,YISHUN,4 ROOM,345,YISHUN AVE 11,04 TO 06,104.0,Model A,1988,67 years 04 months,318000.0,345 YISHUN AVE 11,760345,1.42847591927493,103.844070961331,2025-06-30
70534,2020-05,YISHUN,4 ROOM,316C,YISHUN AVE 9,07 TO 09,92.0,Model A,2015,94 years 06 months,428000.0,316C YISHUN AVE 9,763316,1.43292306072856,103.843472712009,2025-06-30
70535,2020-05,YISHUN,4 ROOM,318B,YISHUN AVE 9,13 TO 15,92.0,Model A,2015,94 years 06 months,442000.0,318B YISHUN AVE 9,762318,1.43367833611169,103.843871260947,2025-06-30
70536,2020-05,YISHUN,4 ROOM,111,YISHUN RING RD,07 TO 09,93.0,New Generation,1982,61 years 02 months,325000.0,111 YISHUN RING RD,760111,1.43321263970177,103.828617498413,2025-06-30
70537,2020-05,YISHUN,4 ROOM,335A,YISHUN ST 31,01 TO 03,92.0,Model A,2015,94 years 08 months,373888.0,335A YISHUN ST 31,761335,1.43328052675083,103.844436750229,2025-06-30
70538,2020-05,YISHUN,4 ROOM,505C,YISHUN ST 51,04 TO 06,93.0,Model A,2016,94 years 11 months,370000.0,505C YISHUN ST 51,763505,1.41923754461468,103.844227928881,2025-06-30
70539,2020-05,YISHUN,4 ROOM,629,YISHUN ST 61,04 TO 06,105.0,Model A,1988,67 years,380000.0,629 YISHUN ST 61,760629,1.41839680437318,103.837739340409,2025-06-30
70540,2020-05,YISHUN,5 ROOM,432D,YISHUN AVE 1,01 TO 03,112.0,Improved,2015,94 years 06 months,430000.0,432D YISHUN AVE 1,764432,1.4197951639605,103.846174058788,2025-06-30
70541,2020-05,YISHUN,5 ROOM,431A,YISHUN AVE 1,10 TO 12,112.0,Improved,2015,94 years 04 months,485000.0,431A YISHUN AVE 1,761431,1.41960682497896,103.84728823711,2025-06-30
70542,2020-05,YISHUN,5 ROOM,432C,YISHUN AVE 1,04 TO 06,112.0,Improved,2015,94 years 05 months,455000.0,432C YISHUN AVE 1,763432,1.41949570230706,103.845973427257,2025-06-30
70543,2020-05,YISHUN,5 ROOM,175,YISHUN AVE 7,04 TO 06,131.0,Improved,1986,65 years 05 months,420000.0,175 YISHUN AVE 7,760175,1.43760321425304,103.832468232948,2025-06-30
70544,2020-05,YISHUN,5 ROOM,317A,YISHUN AVE 9,07 TO 09,112.0,Improved,2015,94 years 06 months,535888.0,317A YISHUN AVE 9,761317,1.43450592896688,103.843292004282,2025-06-30
70545,2020-05,YISHUN,5 ROOM,317A,YISHUN AVE 9,07 TO 09,112.0,Improved,2015,94 years 05 months,530000.0,317A YISHUN AVE 9,761317,1.43450592896688,103.843292004282,2025-06-30
70546,2020-05,YISHUN,5 ROOM,306,YISHUN CTRL,07 TO 09,122.0,Improved,1987,66 years 08 months,480000.0,306 YISHUN CTRL,760306,1.43108496903436,103.840247830324,2025-06-30
70547,2020-05,YISHUN,5 ROOM,332,YISHUN RING RD,10 TO 12,122.0,Improved,1988,67 years 04 months,435000.0,332 YISHUN RING RD,760332,1.43046785703727,103.843466655787,2025-06-30
70548,2020-05,YISHUN,5 ROOM,342A,YISHUN RING RD,10 TO 12,117.0,Premium Apartment,2016,94 years 09 months,578000.0,342A YISHUN RING RD,761342,1.43059711114855,103.84446482342,2025-06-30
70549,2020-05,YISHUN,5 ROOM,335C,YISHUN ST 31,13 TO 15,112.0,Improved,2015,94 years 06 months,550000.0,335C YISHUN ST 31,763335,1.43248777014111,103.844367368405,2025-06-30
70550,2020-05,YISHUN,5 ROOM,505A,YISHUN ST 51,13 TO 15,112.0,Improved,2016,94 years 11 months,540000.0,505A YISHUN ST 51,761505,1.41884459566005,103.84482453185,2025-06-30
70551,2020-05,YISHUN,EXECUTIVE,391,YISHUN AVE 6,10 TO 12,142.0,Apartment,1988,67 years 02 months,553000.0,391 YISHUN AVE 6,760391,1.42946769237362,103.849171432797,2025-06-30
70552,2020-05,YISHUN,EXECUTIVE,837,YISHUN ST 81,01 TO 03,145.0,Maisonette,1988,66 years 09 months,652888.0,837 YISHUN ST 81,760837,1.41604270769574,103.833086482825,2025-06-30
